Memory Item,Category,Current Status,Original Information,Updated Information,Use or Ignore,Supporting Event IDs,Notes
ShieldPath Learning Lab,Project goal,Active,,"Owner: Team; Status: Active; Requirement: Privacy-first, no-sign-in learning with courses, local progress, browser practice, and release quality gates.",Use,,
Browser smoke tests,Current MVP feature,Completed,"Event ID: E002; Owner: Ishaan; Status: Planned; Requirement Change: Cover catalog, course, mock terminal, and progress flows without a live backend.; Note: The browser smoke suite is created as a frontend-only task.","Owner: Shaurya; Status: Completed; Requirement: Local static server, synthetic data, no live backend.",Use,E002; E008; E011; E013; E017; E020,
Local learner progress,Current MVP feature,Completed,Event ID: E012; Owner: Advay; Status: Planned; Requirement Change: Store non-sensitive progress locally without requiring sign-in.; Note: A no-sign-in progress panel is added to the fictional MVP.,"Owner: Aarohi; Status: Completed; Requirement: Store safe course, quiz, and challenge identifiers locally.",Use,E012; E023; E026; E031,
Shared quiz engine,Current MVP feature,Completed,Event ID: E018; Owner: Dhruv; Status: Planned; Requirement Change: Initially migrate every quiz page to one scoring engine.; Note: A shared quiz engine is planned to replace duplicated scoring logic.,Owner: Dhruv; Status: Completed; Requirement: Accepted first rollout covers two representative quizzes.,Use,E018; E024; E027; E032,
Terminal draft recovery,Current MVP feature,Completed,Event ID: E001; Owner: Aditya; Status: Planned; Requirement Change: Show a visible recovery prompt and discard control after reload.; Note: Draft recovery is planned with visible controls and challenge-scoped local storage.,Owner: Aditya; Status: Completed; Requirement: Show recovered state and confirmed discard control with challenge-scoped storage.,Use,E001; E004; E010; E015; E021; E022; E047; E050,
Cloud terminal deployment,Current MVP feature,Completed,Event ID: E025; Owner: Tavish; Status: Planned; Requirement Change: Use an OCI free-tier VM as the primary production deployment.; Note: OCI is selected as the first deployment path.,Owner: Tavish; Status: Completed; Requirement: Azure VM is the primary target.,Use,E025; E034; E036; E040,
Privacy-safe learning analytics,Current MVP feature,Completed,"Event ID: E041; Owner: Ishaan; Status: Planned; Requirement Change: Add quiz, progress, and Live Help events using allowlisted identifiers only.; Note: A privacy-safe funnel analytics expansion enters the plan.",Owner: Dhruv; Status: Completed; Requirement: Allowlisted primitive identifiers only; no answers or free text.,Use,E041; E044; E048; E049; E051; E055; E056,
Guided learning paths,Current MVP feature,Completed,Event ID: E052; Owner: Ashwin; Status: Planned; Requirement Change: Group existing courses into beginner-friendly paths without hiding the full catalog.; Note: Guided paths are added to the release plan.,Owner: Aryan Raj; Status: Completed; Requirement: Mobile-first paths must preserve the full manual catalog.,Use,E052; E060; E065; E068; E070; E073; E074; E076,
Static HTML QA gate,Current MVP feature,Completed,"Event ID: E054; Owner: Aditya; Status: Planned; Requirement Change: Check changed HTML for links, alt text, titles, and footer regressions.; Note: A deterministic changed-file quality gate is proposed.",Owner: Aditya; Status: Completed; Requirement: Changed-file checks ignore HTML comments and use a small explicit allowlist.,Use,E054; E057; E062; E064; E066; E069; E071; E075; E077; E078,
Project README refresh,Completed task,Completed,"Event ID: E058; Owner: Aarohi; Status: Active; Requirement Change: Add badges, multiple screenshots, and a detailed contributor guide.; Note: The initial README refresh favors a large presentation-heavy document.",Owner: Aarohi; Status: Completed; Requirement: Concise walkthrough with diagrams and a short setup path.,Use,E058; E063; E067,
Legacy accessibility cleanup,Open task,Delayed,Event ID: E072; Owner: Sukriti; Status: Planned; Requirement Change: Remediate Courses 1-3 without adding broad exemptions.; Note: A bounded accessibility cleanup is planned for the next release.,"Owner: Sidhaanth; Status: Delayed; Requirement: Courses 1-3 only; no broad allowlist; bounded target July 19, 2026.",Use,E072; E079; E080; E083; E084; E086; E089; E090,Keyboard-only smoke coverage is incomplete.
MVP release,Delayed task,Delayed,"Event ID: E009; Owner: Team; Status: Active; Requirement Change: Initial release target is July 13, 2026.; Note: The first release target is set to the end of Day 30.","Owner: Team; Status: Delayed; Requirement: Release target is July 17, 2026.",Use,E009; E081; E085,Keyboard-only smoke coverage is incomplete.
Live Help offline fallback,Canceled task,Canceled,"Event ID: E005; Owner: Sukriti; Status: Planned; Requirement Change: Add privacy notice, suggested prompts, and useful content when chat fails.; Note: A safer fallback experience for embedded Live Help enters the MVP plan.",Owner: Sukriti; Status: Canceled; Requirement: Removed from this MVP; retain as future backlog context only.,Ignore,E005; E029; E045,Historical or canceled information; do not use as current state.
Help Center prompt fallback,Future backlog feature,Future Backlog,Event ID: E087; Owner: Sukriti; Status: Future Backlog; Requirement Change: Revive a limited part of the canceled Live Help fallback under a new name for a future release.; Note: The canceled Live Help fallback is partly revived under a new name but remains outside the current MVP.,Owner: Sukriti; Status: Future Backlog; Requirement: Limited fallback retained for a future release; not current MVP.,Use,E087,
Standalone terminal demo mode,Canceled task,Canceled,Event ID: E007; Owner: Rohan; Status: Planned; Requirement Change: Add a separate demo launcher beside the existing mock terminal path.; Note: A standalone demo launcher is proposed as a separate MVP feature.,Owner: Rohan; Status: Canceled; Requirement: Existing mock mode covers the need.,Ignore,E007; E035,Historical or canceled information; do not use as current state.
Browser smoke test fixtures,Related active task,Active,Event ID: E088; Owner: Naysa; Status: Active; Requirement Change: Add fixture-only browser coverage without changing the end-to-end smoke suite.; Note: A similarly named fixture task is separate from the completed browser smoke tests.,Owner: Naysa; Status: Active; Requirement: Fixture-only browser coverage; separate from end-to-end browser smoke tests.,Use,E088,
Guided paths desktop mockup,Removed feature,Canceled,Event ID: E053; Owner: Ashwin; Status: Active; Note: A desktop-only mockup is circulated for review.,Owner: Ashwin; Status: Canceled; Requirement: Rejected for mobile usability; use the mobile-first layout.,Ignore,E053; E059,Historical or canceled information; do not use as current state.
Keyboard-only smoke coverage,Active blocker,Blocked,,Owner: Shaurya; Status: Blocked; Requirement: Core catalog and terminal controls must work without a pointer.,Use,,Coverage is incomplete.
Browser dependency installation,Resolved blocker,Completed,,Owner: Shaurya; Status: Completed; Requirement: Reuse the existing pinned Playwright stack.,Use,,
Root deployment routing,Resolved blocker,Completed,Event ID: E033; Owner: Ishaan; Status: Blocked; Blocker: Resume links break when the site is hosted at the domain root.; Note: The progress feature reveals a base-path routing bug in production.,Owner: Ishaan; Status: Completed; Requirement: One safe resolver supports root and subpath hosting.,Use,E033; E038,
Legacy analytics events,Resolved blocker,Completed,,Owner: Dhruv; Status: Completed; Requirement: Compatibility hook covers legacy quizzes without answers.,Use,,
Browser test framework,Current technical decision,Active,"Event ID: E003; Owner: Ishaan; Status: Planned; Requirement Change: Use Cypress for the first smoke suite.; Note: The team initially selects Cypress, but this technical choice is later abandoned.",Owner: Shaurya; Status: Active; Requirement: Use Playwright.,Use,E003; E014,
Deployment platform,Current technical decision,Active,,Owner: Tavish; Status: Active; Requirement: Use Azure as the primary deployment target.,Use,,
Guided paths layout,Current technical decision,Active,Event ID: E061; Owner: Ashwin; Status: Active; Requirement Change: Use a mobile-first path section while keeping every existing course link available.; Note: A responsive layout replaces the rejected desktop mockup.,Owner: Aryan Raj; Status: Active; Requirement: Use mobile-first paths and preserve manual course links.,Use,E061,
Cypress test framework,Replaced technical decision,Canceled,,Owner: Ishaan; Status: Canceled; Requirement: Replaced by Playwright.,Ignore,,Historical or canceled information; do not use as current state.
OCI-first deployment,Replaced technical decision,Canceled,,Owner: Tavish; Status: Canceled; Requirement: Replaced by Azure primary deployment.,Ignore,,Historical or canceled information; do not use as current state.
Silent-only draft recovery,Replaced technical decision,Canceled,,Owner: Aditya; Status: Canceled; Requirement: Replaced by visible recovered state and confirmed discard.,Ignore,,Historical or canceled information; do not use as current state.
MVP release,Current release target,Delayed,"Event ID: E009; Owner: Team; Status: Active; Requirement Change: Initial release target is July 13, 2026.; Note: The first release target is set to the end of Day 30.","Owner: Team; Status: Delayed; Requirement: July 17, 2026.",Use,E009; E081; E085,Keyboard-only smoke coverage is incomplete.
Terminal draft recovery,Outdated fact,Planned,Event ID: E001; Owner: Aditya; Status: Planned; Requirement Change: Show a visible recovery prompt and discard control after reload.; Note: Draft recovery is planned with visible controls and challenge-scoped local storage.,Do not use as current state.,Ignore,E001,"Historical event marked outdated, canceled, or irrelevant."
Browser smoke tests,Outdated fact,Planned,"Event ID: E002; Owner: Ishaan; Status: Planned; Requirement Change: Cover catalog, course, mock terminal, and progress flows without a live backend.; Note: The browser smoke suite is created as a frontend-only task.",Do not use as current state.,Ignore,E002,"Historical event marked outdated, canceled, or irrelevant."
Browser test framework,Canceled or irrelevant fact,Planned,"Event ID: E003; Owner: Ishaan; Status: Planned; Requirement Change: Use Cypress for the first smoke suite.; Note: The team initially selects Cypress, but this technical choice is later abandoned.",Do not use as current state.,Ignore,E003,"Historical event marked outdated, canceled, or irrelevant."
Terminal draft recovery,Outdated fact,Active,Event ID: E004; Owner: Aditya; Status: Active; Note: Implementation starts on challenge-scoped restore and discard behavior.,Do not use as current state.,Ignore,E004,"Historical event marked outdated, canceled, or irrelevant."
Live Help offline fallback,Outdated fact,Planned,"Event ID: E005; Owner: Sukriti; Status: Planned; Requirement Change: Add privacy notice, suggested prompts, and useful content when chat fails.; Note: A safer fallback experience for embedded Live Help enters the MVP plan.",Do not use as current state.,Ignore,E005,"Historical event marked outdated, canceled, or irrelevant."
Draft demo checklist,Canceled or irrelevant fact,Active,Event ID: E006; Owner: Team; Status: Active; Note: A one-day demo checklist is shared for the next review and should not guide later project answers.,Do not use as current state.,Ignore,E006,"Historical event marked outdated, canceled, or irrelevant."
Standalone terminal demo mode,Canceled or irrelevant fact,Planned,Event ID: E007; Owner: Rohan; Status: Planned; Requirement Change: Add a separate demo launcher beside the existing mock terminal path.; Note: A standalone demo launcher is proposed as a separate MVP feature.,Do not use as current state.,Ignore,E007,"Historical event marked outdated, canceled, or irrelevant."
Browser smoke tests,Outdated fact,Blocked,Event ID: E008; Owner: Ishaan; Status: Blocked; Blocker: CI cannot install the browser dependency reliably.; Note: The smoke suite is blocked by a browser installation hang in CI.,Do not use as current state.,Ignore,E008,"Historical event marked outdated, canceled, or irrelevant."
MVP release,Outdated fact,Active,"Event ID: E009; Owner: Team; Status: Active; Requirement Change: Initial release target is July 13, 2026.; Note: The first release target is set to the end of Day 30.",Do not use as current state.,Ignore,E009,"Historical event marked outdated, canceled, or irrelevant."
Terminal draft recovery,Outdated fact,Under Review,Event ID: E010; Owner: Ethan; Status: Under Review; Blocker: Drafts can appear under the wrong challenge after navigation.; Note: QA reproduces a challenge-scope leak during restore.,Do not use as current state.,Ignore,E010,"Historical event marked outdated, canceled, or irrelevant."
Local learner progress,Outdated fact,Planned,Event ID: E012; Owner: Advay; Status: Planned; Requirement Change: Store non-sensitive progress locally without requiring sign-in.; Note: A no-sign-in progress panel is added to the fictional MVP.,Do not use as current state.,Ignore,E012,"Historical event marked outdated, canceled, or irrelevant."
Browser smoke tests,Outdated fact,Blocked,Event ID: E013; Owner: Shaurya; Status: Blocked; Blocker: Browser dependency remains unavailable in CI.; Note: Smoke-test ownership moves from Ishaan to Shaurya while the installation blocker remains.,Do not use as current state.,Ignore,E013,"Historical event marked outdated, canceled, or irrelevant."
Terminal draft recovery,Outdated fact,Blocked,Event ID: E015; Owner: Aditya; Status: Blocked; Blocker: Saved work leaks between challenge identifiers.; Note: The recovery task is blocked until storage keys are challenge-scoped.,Do not use as current state.,Ignore,E015,"Historical event marked outdated, canceled, or irrelevant."
Experimental recovery branch,Canceled or irrelevant fact,Under Review,Event ID: E016; Owner: Aditya; Status: Under Review; Note: A temporary recovery experiment is opened for review.,Do not use as current state.,Ignore,E016,"Historical event marked outdated, canceled, or irrelevant."
Browser smoke tests,Outdated fact,Active,Event ID: E017; Owner: Shaurya; Status: Active; Requirement Change: Pinning the existing browser package removes the install hang.; Note: The CI installation blocker is resolved without adding a second browser stack.,Do not use as current state.,Ignore,E017,"Historical event marked outdated, canceled, or irrelevant."
Shared quiz engine,Outdated fact,Planned,Event ID: E018; Owner: Dhruv; Status: Planned; Requirement Change: Initially migrate every quiz page to one scoring engine.; Note: A shared quiz engine is planned to replace duplicated scoring logic.,Do not use as current state.,Ignore,E018,"Historical event marked outdated, canceled, or irrelevant."
Experimental recovery branch,Canceled or irrelevant fact,Canceled,Event ID: E019; Owner: Aditya; Status: Canceled; Requirement Change: The experiment is closed after its useful changes move into the main recovery work.; Note: The temporary branch is abandoned and must not be treated as an active delivery path.,Do not use as current state.,Ignore,E019,"Historical event marked outdated, canceled, or irrelevant."
Terminal draft recovery,Outdated fact,Active,Event ID: E021; Owner: Aditya; Status: Active; Requirement Change: Replace the visible recovery banner with silent automatic restore.; Note: The recovery UX changes to silent restore with no browse or discard controls.,Do not use as current state.,Ignore,E021,"Historical event marked outdated, canceled, or irrelevant."
Terminal draft recovery,Outdated fact,Active,Event ID: E022; Owner: Aditya; Status: Active; Requirement Change: Challenge-scoped keys eliminate cross-challenge draft leakage.; Note: The storage-key bug is fixed and recovery work resumes.,Do not use as current state.,Ignore,E022,"Historical event marked outdated, canceled, or irrelevant."
Local learner progress,Outdated fact,Active,"Event ID: E023; Owner: Advay; Status: Active; Note: Implementation begins for browser-local course, quiz, and challenge progress.",Do not use as current state.,Ignore,E023,"Historical event marked outdated, canceled, or irrelevant."
Shared quiz engine,Outdated fact,Active,Event ID: E024; Owner: Dhruv; Status: Active; Note: The shared scoring and explanation engine moves into active development.,Do not use as current state.,Ignore,E024,"Historical event marked outdated, canceled, or irrelevant."
Cloud terminal deployment,Canceled or irrelevant fact,Planned,Event ID: E025; Owner: Tavish; Status: Planned; Requirement Change: Use an OCI free-tier VM as the primary production deployment.; Note: OCI is selected as the first deployment path.,Do not use as current state.,Ignore,E025,"Historical event marked outdated, canceled, or irrelevant."
Local learner progress,Outdated fact,Active,Event ID: E026; Owner: Aarohi; Status: Active; Note: Progress ownership moves from Advay to Aarohi to align implementation and catalog documentation.,Do not use as current state.,Ignore,E026,"Historical event marked outdated, canceled, or irrelevant."
Shared quiz engine,Outdated fact,Active,Event ID: E027; Owner: Dhruv; Status: Active; Requirement Change: Reduce the first rollout from every quiz to two representative course quizzes.; Note: The migration is narrowed to two quizzes so the reusable contract can be validated first.,Do not use as current state.,Ignore,E027,"Historical event marked outdated, canceled, or irrelevant."
Sprint review meeting,Canceled or irrelevant fact,Planned,Event ID: E028; Owner: Team; Status: Planned; Note: A temporary review time is recorded for Day 10 only.,Do not use as current state.,Ignore,E028,"Historical event marked outdated, canceled, or irrelevant."
Live Help offline fallback,Outdated fact,Blocked,Event ID: E029; Owner: Sukriti; Status: Blocked; Blocker: The embedded chat does not expose a reliable failure signal.; Note: The fallback cannot reliably detect iframe failure and is blocked.,Do not use as current state.,Ignore,E029,"Historical event marked outdated, canceled, or irrelevant."
Sprint review meeting,Canceled or irrelevant fact,Completed,Event ID: E030; Owner: Team; Status: Completed; Requirement Change: The meeting time has passed and should be removed from active memory.; Note: The expired meeting detail remains in history but is irrelevant to current project state.,Do not use as current state.,Ignore,E030,"Historical event marked outdated, canceled, or irrelevant."
Root deployment routing,Outdated fact,Blocked,Event ID: E033; Owner: Ishaan; Status: Blocked; Blocker: Resume links break when the site is hosted at the domain root.; Note: The progress feature reveals a base-path routing bug in production.,Do not use as current state.,Ignore,E033,"Historical event marked outdated, canceled, or irrelevant."
Standalone terminal demo mode,Canceled or irrelevant fact,Canceled,Event ID: E035; Owner: Rohan; Status: Canceled; Requirement Change: Remove the standalone launcher because existing mock mode covers the need.; Note: The duplicate demo feature is removed from the MVP.,Do not use as current state.,Ignore,E035,"Historical event marked outdated, canceled, or irrelevant."
Cloud terminal deployment,Outdated fact,Blocked,Event ID: E036; Owner: Tavish; Status: Blocked; Blocker: The health check fails after provisioning.; Note: The first Azure deployment cannot pass its health check.,Do not use as current state.,Ignore,E036,"Historical event marked outdated, canceled, or irrelevant."
Progress test fixtures,Canceled or irrelevant fact,Active,Event ID: E037; Owner: Ethan; Status: Active; Note: Synthetic progress records are loaded for browser testing only.,Do not use as current state.,Ignore,E037,"Historical event marked outdated, canceled, or irrelevant."
Privacy-safe learning analytics,Outdated fact,Planned,"Event ID: E041; Owner: Ishaan; Status: Planned; Requirement Change: Add quiz, progress, and Live Help events using allowlisted identifiers only.; Note: A privacy-safe funnel analytics expansion enters the plan.",Do not use as current state.,Ignore,E041,"Historical event marked outdated, canceled, or irrelevant."
Progress test fixtures,Canceled or irrelevant fact,Completed,Event ID: E042; Owner: Ethan; Status: Completed; Requirement Change: Temporary browser records are deleted after verification.; Note: The synthetic fixture data is no longer relevant after tests finish.,Do not use as current state.,Ignore,E042,"Historical event marked outdated, canceled, or irrelevant."
Analytics follow-up issue,Canceled or irrelevant fact,Planned,Event ID: E043; Owner: Unassigned; Status: Planned; Note: A duplicate analytics task is filed with the same scope as the active work.,Do not use as current state.,Ignore,E043,"Historical event marked outdated, canceled, or irrelevant."
Privacy-safe learning analytics,Outdated fact,Blocked,Event ID: E044; Owner: Ishaan; Status: Blocked; Blocker: The draft schema permits a free-text field.; Note: Analytics work stops until payloads are restricted to safe primitive identifiers.,Do not use as current state.,Ignore,E044,"Historical event marked outdated, canceled, or irrelevant."
Live Help offline fallback,Canceled or irrelevant fact,Canceled,Event ID: E045; Owner: Sukriti; Status: Canceled; Blocker: The iframe limitation remains.; Requirement Change: Remove the Live Help fallback from this MVP and keep it in the future backlog.; Note: The blocked fallback is removed from the current release scope.,Do not use as current state.,Ignore,E045,"Historical event marked outdated, canceled, or irrelevant."
Analytics follow-up issue,Canceled or irrelevant fact,Canceled,Event ID: E046; Owner: Unassigned; Status: Canceled; Requirement Change: The duplicate is closed in favor of the original analytics task.; Note: The duplicate issue is closed and should never appear as a second active task.,Do not use as current state.,Ignore,E046,"Historical event marked outdated, canceled, or irrelevant."
Privacy-safe learning analytics,Outdated fact,Active,Event ID: E048; Owner: Dhruv; Status: Active; Requirement Change: Dhruv owns implementation after the allowlist schema is approved.; Note: Analytics ownership transfers from Ishaan to Dhruv and work resumes.,Do not use as current state.,Ignore,E048,"Historical event marked outdated, canceled, or irrelevant."
Privacy-safe learning analytics,Outdated fact,Under Review,Event ID: E049; Owner: Dhruv; Status: Under Review; Blocker: Legacy quiz pages do not emit completion events.; Note: Review finds that the new event hooks miss legacy quiz flows.,Do not use as current state.,Ignore,E049,"Historical event marked outdated, canceled, or irrelevant."
Privacy-safe learning analytics,Outdated fact,Blocked,Event ID: E051; Owner: Dhruv; Status: Blocked; Blocker: Legacy quizzes bypass the shared event hook.; Note: Analytics is blocked until legacy completion is captured safely.,Do not use as current state.,Ignore,E051,"Historical event marked outdated, canceled, or irrelevant."
Guided learning paths,Outdated fact,Planned,Event ID: E052; Owner: Ashwin; Status: Planned; Requirement Change: Group existing courses into beginner-friendly paths without hiding the full catalog.; Note: Guided paths are added to the release plan.,Do not use as current state.,Ignore,E052,"Historical event marked outdated, canceled, or irrelevant."
Guided paths desktop mockup,Canceled or irrelevant fact,Active,Event ID: E053; Owner: Ashwin; Status: Active; Note: A desktop-only mockup is circulated for review.,Do not use as current state.,Ignore,E053,"Historical event marked outdated, canceled, or irrelevant."
Static HTML QA gate,Outdated fact,Planned,"Event ID: E054; Owner: Aditya; Status: Planned; Requirement Change: Check changed HTML for links, alt text, titles, and footer regressions.; Note: A deterministic changed-file quality gate is proposed.",Do not use as current state.,Ignore,E054,"Historical event marked outdated, canceled, or irrelevant."
Static HTML QA gate,Outdated fact,Active,"Event ID: E057; Owner: Aditya; Status: Active; Note: Aditya begins the QA script, tests, allowlist, and CI workflow.",Do not use as current state.,Ignore,E057,"Historical event marked outdated, canceled, or irrelevant."
Project README refresh,Outdated fact,Active,"Event ID: E058; Owner: Aarohi; Status: Active; Requirement Change: Add badges, multiple screenshots, and a detailed contributor guide.; Note: The initial README refresh favors a large presentation-heavy document.",Do not use as current state.,Ignore,E058,"Historical event marked outdated, canceled, or irrelevant."
Guided paths desktop mockup,Canceled or irrelevant fact,Canceled,Event ID: E059; Owner: Ashwin; Status: Canceled; Blocker: The layout fails at mobile width.; Requirement Change: Reject the desktop-only card arrangement.; Note: The old mockup is rejected and should not influence the current design.,Do not use as current state.,Ignore,E059,"Historical event marked outdated, canceled, or irrelevant."
Guided learning paths,Outdated fact,Delayed,Event ID: E060; Owner: Ashwin; Status: Delayed; Blocker: A mobile layout and preserved manual navigation are still undefined.; Note: Guided paths are delayed until the responsive interaction is clarified.,Do not use as current state.,Ignore,E060,"Historical event marked outdated, canceled, or irrelevant."
Static HTML QA gate,Outdated fact,Blocked,Event ID: E062; Owner: Aditya; Status: Blocked; Blocker: Legacy HTML debt produces too many unrelated failures.; Note: The first full-repository checker is too noisy to merge.,Do not use as current state.,Ignore,E062,"Historical event marked outdated, canceled, or irrelevant."
Project README refresh,Outdated fact,Active,Event ID: E063; Owner: Aarohi; Status: Active; Requirement Change: Replace the long badge-heavy draft with an essentials-only walkthrough and diagrams.; Note: The README requirement changes from exhaustive promotion to concise onboarding.,Do not use as current state.,Ignore,E063,"Historical event marked outdated, canceled, or irrelevant."
Static HTML QA gate,Outdated fact,Blocked,Event ID: E064; Owner: Aditya; Status: Blocked; Blocker: Commented-out markup triggers false missing-alt and broken-link findings.; Note: Testing isolates HTML comments as a second source of false positives.,Do not use as current state.,Ignore,E064,"Historical event marked outdated, canceled, or irrelevant."
Guided learning paths,Outdated fact,Active,Event ID: E065; Owner: Aryan Raj; Status: Active; Requirement Change: Aryan Raj takes implementation after the mobile layout is approved.; Note: Ownership moves from Ashwin to Aryan Raj and the delay ends.,Do not use as current state.,Ignore,E065,"Historical event marked outdated, canceled, or irrelevant."
Static HTML QA gate,Outdated fact,Active,Event ID: E066; Owner: Aditya; Status: Active; Requirement Change: Run the gate on changed HTML only and document a small explicit allowlist.; Note: The QA scope changes from whole-repository enforcement to changed-file protection.,Do not use as current state.,Ignore,E066,"Historical event marked outdated, canceled, or irrelevant."
Guided learning paths,Outdated fact,Under Review,Event ID: E068; Owner: Aryan Raj; Status: Under Review; Blocker: The first patch replaces existing course-card navigation.; Note: Review finds a regression that hides manual course browsing.,Do not use as current state.,Ignore,E068,"Historical event marked outdated, canceled, or irrelevant."
Static HTML QA gate,Outdated fact,Under Review,Event ID: E069; Owner: Aditya; Status: Under Review; Note: The changed-file QA gate enters review with tests and CI wiring.,Do not use as current state.,Ignore,E069,"Historical event marked outdated, canceled, or irrelevant."
Guided learning paths,Outdated fact,Blocked,Event ID: E070; Owner: Aryan Raj; Status: Blocked; Blocker: Existing course links are no longer reachable from the catalog.; Note: The guided-path patch is blocked by a navigation regression.,Do not use as current state.,Ignore,E070,"Historical event marked outdated, canceled, or irrelevant."
Static HTML QA gate,Outdated fact,Blocked,Event ID: E071; Owner: Aditya; Status: Blocked; Blocker: Commented placeholder markup still fails the changed-file gate.; Note: The smaller gate still needs comment stripping before it is reliable.,Do not use as current state.,Ignore,E071,"Historical event marked outdated, canceled, or irrelevant."
Legacy accessibility cleanup,Outdated fact,Planned,Event ID: E072; Owner: Sukriti; Status: Planned; Requirement Change: Remediate Courses 1-3 without adding broad exemptions.; Note: A bounded accessibility cleanup is planned for the next release.,Do not use as current state.,Ignore,E072,"Historical event marked outdated, canceled, or irrelevant."
Guided learning paths,Outdated fact,Active,Event ID: E073; Owner: Aryan Raj; Status: Active; Requirement Change: Course navigation is restored while path cards remain.; Note: The catalog regression is fixed and review resumes.,Do not use as current state.,Ignore,E073,"Historical event marked outdated, canceled, or irrelevant."
Guided learning paths,Outdated fact,Under Review,Event ID: E074; Owner: Aryan Raj; Status: Under Review; Note: The repaired guided-path implementation receives final review.,Do not use as current state.,Ignore,E074,"Historical event marked outdated, canceled, or irrelevant."
Static HTML QA gate,Outdated fact,Active,"Event ID: E075; Owner: Aditya; Status: Active; Requirement Change: Strip HTML comments before link, image, title, and footer checks.; Note: The QA contract explicitly ignores inactive commented markup.",Do not use as current state.,Ignore,E075,"Historical event marked outdated, canceled, or irrelevant."
Static HTML QA gate,Outdated fact,Under Review,Event ID: E077; Owner: Ethan; Status: Under Review; Requirement Change: Regression tests pass for active and commented markup.; Note: Independent QA confirms comment stripping does not weaken active-markup checks.,Do not use as current state.,Ignore,E077,"Historical event marked outdated, canceled, or irrelevant."
Legacy accessibility cleanup,Outdated fact,Active,Event ID: E079; Owner: Sidhaanth; Status: Active; Requirement Change: Sidhaanth takes the bounded Courses 1-3 cleanup.; Note: Accessibility ownership moves from Sukriti to Sidhaanth.,Do not use as current state.,Ignore,E079,"Historical event marked outdated, canceled, or irrelevant."
Legacy accessibility cleanup,Outdated fact,Blocked,Event ID: E080; Owner: Sidhaanth; Status: Blocked; Blocker: Several repaired image paths break adjacent course links.; Note: The cleanup is blocked by path and navigation regressions.,Do not use as current state.,Ignore,E080,"Historical event marked outdated, canceled, or irrelevant."
Legacy accessibility cleanup,Outdated fact,Active,"Event ID: E083; Owner: Sidhaanth; Status: Active; Requirement Change: Broken course paths are repaired and targeted page tests pass.; Note: The path regression is resolved, but release testing is not finished.",Do not use as current state.,Ignore,E083,"Historical event marked outdated, canceled, or irrelevant."
Legacy accessibility cleanup,Outdated fact,Under Review,Event ID: E084; Owner: Ethan; Status: Under Review; Blocker: Keyboard-only coverage is incomplete.; Note: Final QA finds the new release requirement is not yet satisfied.,Do not use as current state.,Ignore,E084,"Historical event marked outdated, canceled, or irrelevant."
Legacy accessibility cleanup,Outdated fact,Delayed,"Event ID: E089; Owner: Sidhaanth; Status: Delayed; Blocker: Keyboard-only smoke coverage is incomplete.; Requirement Change: Move the bounded cleanup target from July 15 to July 18, 2026.; Note: The first revised accessibility-cleanup target is superseded by a later Day 30 target.",Do not use as current state.,Ignore,E089,"Historical event marked outdated, canceled, or irrelevant."
