Question ID,Question,Large Context Status,Large Context Error Type,RAG Status,RAG Error Type,Supporting Event Retrieved,RAG Answer Correct,Winner,Notes
Q01,Who currently owns the browser smoke tests?,Correct,Correct,Correct,Correct,Yes,Yes,Tie,Both systems used the same model instructions and answer rubric.
Q02,Which project tasks are delayed at the end of Day 30?,Correct,Correct,Correct,Correct,Yes,Yes,Tie,Both systems used the same model instructions and answer rubric.
Q03,What is the only active blocker at the end of Day 30?,Correct,Correct,Correct,Correct,Yes,Yes,Tie,Both systems used the same model instructions and answer rubric.
Q04,What is the current MVP release target?,Correct,Correct,Correct,Correct,Yes,Yes,Tie,Both systems used the same model instructions and answer rubric.
Q05,Which planned feature was removed because an existing mock mode already covered the need?,Correct,Correct,Correct,Correct,Yes,Yes,Tie,Both systems used the same model instructions and answer rubric.
Q06,Is the Live Help offline fallback still part of the current MVP?,Correct,Correct,Correct,Correct,Yes,Yes,Tie,Both systems used the same model instructions and answer rubric.
Q07,Which browser testing framework is the current technical decision?,Correct,Correct,Correct,Correct,Yes,Yes,Tie,Both systems used the same model instructions and answer rubric.
Q08,Which cloud platform is the current primary terminal deployment target?,Correct,Correct,Correct,Correct,Yes,Yes,Tie,Both systems used the same model instructions and answer rubric.
Q09,What is the current terminal draft recovery requirement?,Correct,Correct,Correct,Correct,Yes,Yes,Tie,Both systems used the same model instructions and answer rubric.
Q10,Who owns guided learning paths and what is their current status?,Correct,Correct,Correct,Correct,Yes,Yes,Tie,Both systems used the same model instructions and answer rubric.
Q11,What is the current status of the static HTML QA gate?,Correct,Correct,Correct,Correct,Yes,Yes,Tie,Both systems used the same model instructions and answer rubric.
Q12,What rules define the current static HTML QA gate?,Correct,Correct,Correct,Correct,Yes,Yes,Tie,Both systems used the same model instructions and answer rubric.
Q13,Who owns local learner progress and is it complete?,Correct,Correct,Correct,Correct,Yes,Yes,Tie,Both systems used the same model instructions and answer rubric.
Q14,Is root deployment routing still blocking the project?,Correct,Correct,Correct,Correct,Yes,Yes,Tie,Both systems used the same model instructions and answer rubric.
Q15,Which README approach should be ignored as outdated?,Correct,Correct,Correct,Correct,Yes,Yes,Tie,Both systems used the same model instructions and answer rubric.
